INSERT INTO free (free_id, member_id, title, content, category, region_gu, region_dong, item_condition, deal_status, view_count, created_at)
VALUES
(1, 1, '깨끗한 전기밥솥 나눔합니다', '자취방에서 사용하던 전기밥솥입니다. 1인용으로 적당하며 보온 기능도 잘 작동합니다. 내솥 코팅 벗겨짐 없이 깨끗해요. 사용 기간은 1년 정도입니다.', '기타', '강남구', '역삼동', 'HIGH', 'ONGOING', 85, '2025-07-24 05:43:04'),
(2, 2, '사용하던 3인용 소파 나눔합니다', '집에 새 소파를 들이게 되어 기존 소파를 나눔합니다. 쿠션감 좋고 찢어진 부분은 없습니다. 약간의 사용감은 있지만 충분히 사용 가능합니다.', '기타', '강서구', '화곡동', 'MEDIUM', 'ONGOING', 97, '2025-07-12 05:43:04'),
(3, 1, '전기오븐 드림해요', '간단한 베이킹용으로 사용했던 전기오븐입니다. 작은 케이크나 쿠키 구울 때 좋아요. 상단 램프는 교체 필요할 수 있습니다.', '기타', '관악구', '봉천동', 'LOW', 'ONGOING', 29, '2025-07-31 05:43:04'),
(4, 2, '원목 식탁 무료로 드려요', '4인용 원목 식탁입니다. 이사로 공간이 맞지 않아 드리게 되었어요. 표면에 약간의 생활 스크래치 있지만 튼튼하고 안정감 있습니다.', '기타', '송파구', '잠실동', 'HIGH', 'ONGOING', 6, '2025-07-10 05:43:04'),
(5, 2, '중고 전자렌지 필요하신 분', '삼성 전자렌지로 간단히 데우기 기능만 사용했습니다. 내부 청소 완료했고 회전 접시 포함입니다.', '기타', '마포구', '합정동', 'MEDIUM', 'ONGOING', 2, '2025-08-01 05:43:04'),
(6, 2, '사용감 있는 책상 나눔', '2년 정도 사용한 공부용 책상입니다. 스크래치와 얼룩이 있지만 기능상 문제 없고 튼튼합니다. 다리 부분 약간 삐걱거림 있어요.', '기타', '강남구', '논현동', 'LOW', 'ONGOING', 88, '2025-08-02 05:43:04'),
(7, 1, '고장 없는 세탁기 가져가세요', 'LG 통돌이 세탁기입니다. 5kg 용량으로 혼자 사용하기 좋습니다. 이사로 인해 가져갈 수 없어 나눔합니다. 세탁 잘 됩니다.', '기타', '관악구', '신림동', 'HIGH', 'ONGOING', 449, '2025-07-18 05:43:04'),
(8, 1, '이동식 에어컨 드림', '여름 한철 사용한 이동식 에어컨입니다. 호스와 창문 마감 키트 포함이며 작동 잘 됩니다. 소음은 일반 제품 수준입니다.', '기타', '송파구', '석촌동', 'MEDIUM', 'ONGOING', 327, '2025-07-25 05:43:04'),
(9, 2, '전신 거울 무료로 드려요', '전신 거울입니다. 옷방 정리하다가 공간이 부족해서 드려요. 프레임은 흰색이며 벽에 기대는 형태입니다.', '기타', '강서구', '방화동', 'LOW', 'ONGOING', 266, '2025-07-10 05:43:04'),
(10, 1, '아기 침대 상태 좋아요', '이케아에서 구매한 아기 침대입니다. 아기가 커서 이제는 사용하지 않아 나눔합니다. 침대 프레임과 매트리스 포함입니다.', '기타', '강남구', '일원동', 'HIGH', 'ONGOING', 63, '2025-07-07 05:43:04'),
(11, 1, '2단 서랍장 정리합니다', '2단 플라스틱 서랍장입니다. 화장품 정리용으로 사용했으며 가볍고 실용적입니다. 약간의 얼룩 있지만 사용에는 지장 없습니다.', '기타', '마포구', '망원동', 'LOW', 'ONGOING', 410, '2025-07-19 05:43:04'),
(12, 1, '전기히터 쓰실 분', '겨울철 난방용 전기히터입니다. 고장 없이 작동하며 타이머 기능 있습니다. 사용 시 발열 빠릅니다.', '기타', '송파구', '송파동', 'MEDIUM', 'ONGOING', 440, '2025-07-29 05:43:04'),
(13, 1, '사용하지 않는 캐리어 드림', '기내용 20인치 캐리어입니다. 바퀴 잘 굴러가고 손잡이도 문제없습니다. 외관에 약간 흠집은 있습니다.', '기타', '강서구', '마곡동', 'LOW', 'ONGOING', 352, '2025-07-13 05:43:04'),
(14, 2, '중고 냉장고 상태 양호', '소형 냉장고입니다. 주로 음료수나 간단한 식료품 보관용으로 썼어요. 소리 작고 잘 냉각됩니다.', '기타', '관악구', '남현동', 'MEDIUM', 'ONGOING', 115, '2025-07-24 05:43:04'),
(15, 2, '4단 선반 가져가세요', '조립식 4단 선반입니다. 수납장으로 사용했고 무게감 있는 물건도 잘 견뎠습니다. 조립 해체해서 드릴 수 있어요.', '기타', '강남구', '개포동', 'HIGH', 'ONGOING', 215, '2025-07-27 05:43:04'),
(16, 2, '간이 옷장 필요하신 분', '천 커버 있는 간이 옷장입니다. 이사로 정리합니다. 철제 프레임이며, 옷걸이봉과 선반 포함입니다.', '기타', '마포구', '상암동', 'MEDIUM', 'ONGOING', 409, '2025-07-28 05:43:04'),
(17, 1, '거실 테이블 드려요', '거실 테이블입니다. 낮은 높이의 원형 디자인이며, 표면에 사용감은 있으나 튼튼합니다.', '기타', '강서구', '가양동', 'LOW', 'ONGOING', 297, '2025-08-03 05:43:04'),
(18, 1, '이케아 책상 나눔', '이케아에서 구매한 책상입니다. 하얀색 상판, 검정 다리 조합이며 홈 오피스용으로 적합합니다.', '기타', '송파구', '문정동', 'HIGH', 'ONGOING', 407, '2025-07-29 05:43:04'),
(19, 2, '이사로 인한 의자 나눔', '사무용 의자입니다. 등받이와 팔걸이 있는 제품이며, 바퀴 및 조절 기능 정상 작동합니다.', '기타', '관악구', '신사동', 'MEDIUM', 'ONGOING', 148, '2025-07-13 05:43:04'),
(20, 1, '소형 선풍기 드림', '책상 위에 두는 소형 선풍기입니다. USB 연결 가능하며 바람 세기 조절 됩니다.', '기타', '마포구', '연남동', 'LOW', 'ONGOING', 483, '2025-07-29 05:43:04'),
(21, 1, '쿠션 포함 의자 드려요', '등받이 편한 원목 의자입니다. 부드러운 회색 쿠션 포함이며 식탁용으로 사용했습니다. 흔들림 없이 튼튼합니다.', '기타', '강남구', '삼성동', 'HIGH', 'ONGOING', 139, '2025-07-16 05:43:04'),
(22, 1, '삼성 전자레인지 무료', '중형 사이즈의 삼성 전자레인지입니다. 해동, 데움 기능 모두 잘 작동하며 내부는 청결하게 사용했습니다.', '기타', '송파구', '방이동', 'MEDIUM', 'ONGOING', 428, '2025-07-12 05:43:04'),
(23, 1, '무선청소기 작동 잘됨', '샤오미 무선청소기입니다. 배터리 상태 양호하며 거치대, 충전기 포함입니다. 소형이라 원룸에서 쓰기 좋습니다.', '기타', '강서구', '염창동', 'LOW', 'ONGOING', 386, '2025-07-20 05:43:04'),
(24, 1, '아동용 책상/의자 세트', '아이 방에 두었던 책상과 의자 세트입니다. 색상은 연핑크이며, 모서리 마감 처리되어 안전합니다. 사용감 적습니다.', '기타', '마포구', '성산동', 'HIGH', 'ONGOING', 407, '2025-08-05 05:43:04'),
(25, 1, '고양이 스크래쳐 나눔', '스크래쳐 2개 세트로 하나는 새거, 하나는 사용감 있는 상태입니다. 원목 베이스와 마끈 스타일로 고양이들이 좋아합니다.', '기타', '관악구', '은천동', 'MEDIUM', 'ONGOING', 240, '2025-07-24 05:43:04'),
(26, 2, '화장대 무료로 드려요', '거울 일체형 화장대입니다. 서랍형 수납공간 넉넉하며 전반적으로 깨끗합니다. 상판 약간의 스크래치 있습니다.', '기타', '강남구', '도곡동', 'LOW', 'ONGOING', 75, '2025-08-04 05:43:04'),
(27, 1, '스탠드 조명 상태 좋아요', 'LED 조명이며 밝기 조절 가능합니다. 심플한 디자인으로 인테리어 소품으로도 활용 가능해요. 작동 이상 없습니다.', '기타', '송파구', '가락동', 'HIGH', 'ONGOING', 478, '2025-07-14 05:43:04'),
(28, 1, '빈티지 나무 의자 드림', '카페 스타일의 빈티지 나무 의자입니다. 프레임 튼튼하고 등받이 각도 편안해요. 좌판 약간의 마모 있습니다.', '기타', '마포구', '서교동', 'MEDIUM', 'ONGOING', 483, '2025-08-03 05:43:04'),
(29, 1, '접이식 테이블 필요하신 분', '간편하게 접을 수 있는 1인용 테이블입니다. 베란다나 간이 식탁으로 유용하게 사용했어요. 보관도 쉬워요.', '기타', '관악구', '대학동', 'LOW', 'ONGOING', 184, '2025-07-25 05:43:04'),
(30, 2, '컴퓨터 책상 무료 나눔', '넓은 상판과 모니터 받침대 포함된 책상입니다. 튼튼하고 흔들림 없습니다. 상판 약간 긁힘 있으나 기능엔 문제 없습니다.', '기타', '강서구', '내발산동', 'HIGH', 'ONGOING', 163, '2025-07-22 05:43:04');



INSERT INTO free_img (free_id, img_name, ori_img_name, img_url, repimg_yn)
VALUES
(1, 'ricecooker_main1.jpg', 'ricecooker1.jpg', 'https://tse2.mm.bing.net/th/id/OIP.c_mZTViQFvHxltArjlc7FwHaE8?pid=Api', 'Y'),
(1, 'ricecooker_sub1.jpg', 'ricecooker2.jpg', 'https://tse4.mm.bing.net/th/id/OIP.coYJd7NjSIum4UzOOT1gLAHaGS?pid=Api', 'N'),
(2, 'sofa_main2.jpg', 'sofa1.jpg', 'https://encrypted-tbn0.gstatic.com/images?q=tbn:ANd9GcTYdM3pptOamlLM9s95Rc7UgpqwjTLoD_yLsg&s', 'Y'),
(2, 'sofa_sub2.jpg', 'sofa2.jpg', 'https://media.bunjang.co.kr/product/192402097_1_1656928288_w360.jpg', 'N'),
(3, 'electric_oven_main.jpg', 'electric_oven1.jpg', 'https://www.premiumappliances.net/wp-content/uploads/2020/01/30EDWC-lifeStyle-02-.jpg', 'Y'),
(3, 'electric_oven_sub.jpg', 'electric_oven2.jpg', 'https://c.shld.net/rpx/i/s/i/spin/10052543/prod_1616546312?hei=64&qlt=50&wid=64', 'N'),
(4, 'wood_table_main.jpg', 'wood_table1.jpg', 'https://cdn.notonthehighstreet.com/system/product_images/images/001/314/176/original_solid-wood-dining-table.jpg', 'Y'),
(4, 'wood_table_sub.jpg', 'wood_table2.jpg', 'https://www.decornation.in/wp-content/uploads/2020/03/solid-wood-dining-table-1.jpg', 'N'),
(5, 'microwave_main5.jpg', 'microwave1.jpg', 'https://tse2.mm.bing.net/th/id/OIP.0ld5eqaUjWhAjqYzbRiR_QHaHD?pid=Api', 'Y'),
(5, 'microwave_sub5.jpg', 'microwave2.jpg', 'https://tse4.mm.bing.net/th/id/OIP.coYJd7NjSIum4UzOOT1gLAHaGS?pid=Api', 'N'),
(6, 'desk_main6.jpg', 'desk1.jpg', 'https://tse2.mm.bing.net/th/id/OIP.cw5TxhK8YvPVRD7aVdfi7QHaHa?pid=Api', 'Y'),
(6, 'desk_sub6.jpg', 'desk2.jpg', 'https://tse2.mm.bing.net/th/id/OIP.cw5TxhK8YvPVRD7aVdfi7QHaHa?pid=Api', 'N'),
(7, 'washer_main7.jpg', 'washer1.jpg', 'https://maxappliances.ca/wp-content/uploads/2023/09/WhatsApp-Image-2023-09-08-at-5.37.48-PM-2-1536x864.jpeg', 'Y'),
(7, 'washer_sub7.jpg', 'washer2.jpg', 'https://maxappliances.ca/wp-content/uploads/2023/12/WM2301HS-2-1127x1536.jpg', 'N'),
(8, 'ac_main8.jpg', 'used_ac1.jpg', 'https://tse4.mm.bing.net/th/id/OIP.o1q9bLe5QUjVEzMZCrU2BgHaHa?pid=Api', 'Y'),
(8, 'ac_sub8.jpg', 'used_ac2.jpg', 'https://tse4.mm.bing.net/th/id/OIP.EbTMpjOTV5z0HuoqNvJCPgHaE6?pid=Api', 'N'),
(9, 'mirror_main9.jpg', 'full_mirror1.jpg', 'https://i5.walmartimages.com/asr/caa09c4c-dfd1-4d31-9476-dc3c08e313e0.66f4c09e033f8c688cca43376e575cef.jpeg', 'Y'),
(9, 'mirror_sub9.jpg', 'full_mirror2.jpg', 'https://m.media-amazon.com/images/I/81srWhZnbeL.jpg', 'N'),
(10, 'babycrib_main10.jpg', 'babycrib1.jpg', 'https://images-na.ssl-images-amazon.com/images/I/61E3t68aqhL._AC_SL1500_.jpg', 'Y'),
(10, 'babycrib_sub10.jpg', 'babycrib2.jpg', 'https://i5.walmartimages.com/asr/fd761e13-9e9e-404e-b6b1-c6d26e685319_1.ec6bbab5a5012d58bbaef52561a54f27.jpeg', 'N'),
(11, 'dresser_main11.jpg', 'dresser2drawer1.jpg', 'https://tse1.mm.bing.net/th/id/OIP.kVUHCtxq3VfZtoPZNASrmgHaK3?pid=Api', 'Y'),
(11, 'dresser_sub11.jpg', 'dresser2drawer2.jpg', 'https://tse3.mm.bing.net/th/id/OIP.n6VJi7phxM_2-9Y0eWCAJQHaFY?pid=Api', 'N'),
(12, 'heater_main12.jpg', 'portable_heater1.jpg', 'https://i.pinimg.com/originals/95/05/67/950567cd183f8d3bbf248d57ae688c60.jpg', 'Y'),
(12, 'heater_sub12.jpg', 'portable_heater2.jpg', 'https://i5.walmartimages.com/asr/28ed1687-7888-41d8-b2c3-afdbf333c0d2_1.f2270a8eb5738775119729feea2088a1.jpeg?odnBg=ffffff&odnHeight=1000&odnWidth=1000', 'N'),
(13, 'carrier_main13.jpg', 'carrier1.jpg', 'https://m.media-amazon.com/images/I/61yH4hCPQrL._AC_SL1500_.jpg', 'Y'),
(13, 'carrier_sub13.jpg', 'carrier2.jpg', 'https://mldvwwasb8tu.i.optimole.com/cb%3AesbD~6200b/w%3A1300/h%3A946/q%3A90/https%3A//travelaway.me/wp-content/uploads/2021/03/nomatic-navigator-carry-on.jpg', 'N'),
(14, 'fridge_main14.jpg', 'used_fridge1.jpg', 'https://appliancerecycler.com/wp-content/uploads/2019/06/DSCN7075.jpg', 'Y'),
(14, 'fridge_sub14.jpg', 'used_fridge2.jpg', 'https://www.baltimoreusedappliances.com/uploads/5/7/8/9/57898539/white-side-by-side-fridge-open_1_orig.jpg', 'N'),
(15, 'shelf_main15.jpg', 'wood_shelf1.jpg', 'https://tse4.mm.bing.net/th/id/OIP.kVUHCtxq3VfZtoPZNASrmgHaK3?pid=Api', 'Y'),
(15, 'shelf_sub15.jpg', 'wood_shelf2.jpg', 'https://tse1.mm.bing.net/th/id/OIP.6FaFJV6_RsIvRzPCmt2LWwHaHa?pid=Api', 'N'),
(16, 'wardrobe_main16.jpg', 'wardrobe1.jpg', 'https://tse4.mm.bing.net/th/id/OIP.kVUHCtxq3VfZtoPZNASrmgHaK3?pid=Api', 'Y'),
(16, 'wardrobe_sub16.jpg', 'wardrobe2.jpg', 'https://tse1.mm.bing.net/th/id/OIP.6FaFJV6_RsIvRzPCmt2LWwHaHa?pid=Api', 'N'),
(17, 'livingtable_main17.jpg', 'livingtable1.jpg', 'https://cdn.shopify.com/s/files/1/0539/1492/7272/products/1_8fe9da40-511c-4e58-9254-2f23b34aaec4_2800x2800.jpg?v=1625210819', 'Y'),
(17, 'livingtable_sub17.jpg', 'livingtable2.jpg', 'https://www.decornation.in/wp-content/uploads/2020/09/solid-wood-living-room-coffee-table-1.jpg', 'N'),
(18, 'ikea_desk_main18.jpg', 'ikea_desk1.jpg', 'https://encrypted-tbn0.gstatic.com/images?q=tbn:ANd9GcQ9HaPuhdmzotUlQS9YtQ3iyKontj8f2s4kTw&s', 'Y'),
(18, 'ikea_desk_sub18.jpg', 'ikea_desk2.jpg', 'https://encrypted-tbn0.gstatic.com/images?q=tbn:ANd9GcT-ADVRFL0Eeyp6YvaHN-A-Z2jo7ZtlsyXeZA&s', 'N'),
(19, 'cushion_chair_main19.jpg', 'cushion_chair1.jpg', 'https://images.unsplash.com/photo-1598300042247-d088f8ab3a91?fm=jpg&ixid=M3wxMjA3fDB8MHxwaG90by1wYWdlfHx8fGVufDB8fHx8fA%3D%3D&ixlib=rb-4.1.0&q=60&w=3000', 'Y'),
(19, 'cushion_chair_sub19.jpg', 'cushion_chair2.jpg', 'https://m.media-amazon.com/images/I/71S0e2BnuEL._AC_SL1500_.jpg', 'N'),
(20, 'fan_main20.jpg', 'smallfan1.jpg', 'https://m.media-amazon.com/images/I/713ivgBGi4L._AC_SL1500_.jpg', 'Y'),
(20, 'fan_sub20.jpg', 'smallfan2.jpg', 'https://protechshop.co.uk/images/thumbnails/1936/1427/detailed/95/4-Inch-Small-Desk-Fan-Powerful-Airflow-USB-Powered-Table-Fan-Personal-Fan-for-Office-Table_r30k-j0.jpg', 'N'),
(21, 'cushion_chair_main21.jpg', 'cushion_chair1.jpg', 'https://tse1.mm.bing.net/th/id/OIP.6FaFJV6_RsIvRzPCmt2LWwHaHa?pid=Api', 'Y'),
(21, 'cushion_chair_sub21.jpg', 'cushion_chair2.jpg', 'https://homeemoney.com/wp-content/uploads/2016/01/seat-cushions-dining-room-chairs-1.jpg', 'N'),
(22, 'samsung_micro_main22.jpg', 'samsung_micro1.jpg', 'https://images.samsung.com/is/image/samsung/uk-microwave-oven-convection-mc28h5013a-mc28h5013ak-eu-007-front-black', 'Y'),
(22, 'samsung_micro_sub22.jpg', 'samsung_micro2.jpg', 'https://images.samsung.com/is/image/samsung/au_ME73M-XSA_201_Front?%24L1-Thumbnail%24=', 'N'),
(23, 'vacuum_main23.jpg', 'wireless_vacuum1.jpg', 'https://tse1.mm.bing.net/th/id/OIP.zCl87Pip9mRXC00unFrh6gHaHa?pid=Api', 'Y'),
(23, 'vacuum_sub23.jpg', 'wireless_vacuum2.jpg', 'https://tse1.mm.bing.net/th/id/OIP.zCl87Pip9mRXC00unFrh6gHaHa?pid=Api', 'N'),
(24, 'kids_desk_main24.jpg', 'kids_desk1.jpg', 'https://images-na.ssl-images-amazon.com/images/I/711WnZqGRrL._AC_SL1500_.jpg', 'Y'),
(24, 'kids_desk_sub24.jpg', 'kids_desk2.jpg', 'https://i5.walmartimages.com/seo/Kemweao-Premium-Kids-Study-Desk-Chair-Set-Multi-Functional-Widened-Desktop-3-layer-Tilt-Book-Stand-Drawer-Set-Children-Set-Boys-Girls_98d9a613-6f55-4f31-9f16-6d3b62d6fac6.8d10dc74a6be7e7e5f1e2272fd17f477.jpeg', 'N'),
(25, 'catscratcher_main25.jpg','catscratcher1.jpg','https://m.media-amazon.com/images/I/81CDFCOT6OL._AC_SL1500_.jpg','Y'),
(25, 'catscratcher_sub25.jpg','catscratcher2.jpg','https://m.media-amazon.com/images/I/81ZvVUGDIiL._AC_SL1500_.jpg','N'),
(26, 'vanity_main26.jpg','vanity1.jpg','https://i.pinimg.com/originals/46/9b/84/469b84e2f41bc93886d4c208d6305813.jpg','Y'),
(26, 'vanity_sub26.jpg','vanity2.jpg', 'https://smhttp-ssl-77687.nexcesscdn.net/media/catalog/product/8/8/8809-012-vanity-dresser-2.jpg','N'),
(27, 'standlamp_main27.jpg','standing_lamp1.jpg','https://m.media-amazon.com/images/I/71GWj9sS9FL._AC_.jpg','Y'),
(27, 'standlamp_sub27.jpg','standing_lamp2.jpg','https://m.media-amazon.com/images/I/71Qt%2BW1O1sL.jpg','N'),
(28, 'woodchair_main28.jpg','wood_chair1.jpg','https://tse4.mm.bing.net/th/id/OIP.Z32e9D2vt0-8SwLwU33aqgHaHa?pid=Api','Y'),
(28, 'woodchair_sub28.jpg','wood_chair2.jpg','https://tse4.mm.bing.net/th/id/OIP.6FaFJV6_RsIvRzPCmt2LWwHaHa?pid=Api','N'),
(29, 'foldingtable_main29.jpg','foldable_table1.jpg','https://m.media-amazon.com/images/I/71eUx8U1SpS._AC_SL1500_.jpg','Y'),
(29, 'foldingtable_sub29.jpg','foldable_table2.jpg','https://m.media-amazon.com/images/S/aplus-media-library-service-media/c7b062a9-d1fe-4519-94a1-c0645d86796d.__CR0%2C0%2C970%2C600_PT0_SX970_V1___.jpg','N'),
(30, 'computerdesk_main30.jpg','computer_desk1.jpg','https://westave.com/wp-content/uploads/2020/04/Corridor_Office_Isolated_Images_6507_6520_redo_SA_ver01-scaled.jpg','Y'),
(30, 'computerdesk_sub30.jpg','computer_desk2.jpg','https://i5.walmartimages.com/asr/7051b531-8ca9-4172-af6e-508586503268.e84d42d43d322afea79623cf6aeef3dd.jpeg','N');

-- 게시글 30번의 일반 댓글 13개
INSERT INTO free_reply (reply_id, free_id, member_id, content, parent_id, created_at) VALUES
(1, 30, 1, '나눔 감사합니다! 관심 있어요.', NULL, '2025-08-06 10:00:00'),
(2, 30, 2, '이거 꼭 필요했는데 감사해요!', NULL, '2025-08-06 10:01:00'),
(3, 30, 1, '신청합니다~ 연락 부탁드려요.', NULL, '2025-08-06 10:02:00'),
(4, 30, 2, '좋은 나눔 감사합니다!', NULL, '2025-08-06 10:03:00'),
(5, 30, 1, '사용감은 어떤가요?', NULL, '2025-08-06 10:04:00'),
(6, 30, 2, '직접 가지러 가도 될까요?', NULL, '2025-08-06 10:05:00'),
(7, 30, 1, '꼭 필요합니다. 부탁드려요!', NULL, '2025-08-06 10:06:00'),
(8, 30, 2, '연락 기다릴게요!', NULL, '2025-08-06 10:07:00'),
(9, 30, 1, '다음에 또 나눔하시면 좋겠어요!', NULL, '2025-08-06 10:08:00'),
(10, 30, 2, '감사한 마음으로 신청합니다.', NULL, '2025-08-06 10:09:00'),
(11, 30, 1, '아이와 함께 잘 쓰겠습니다.', NULL, '2025-08-06 10:10:00'),
(12, 30, 2, '정말 괜찮은 나눔이네요!', NULL, '2025-08-06 10:11:00'),
(13, 30, 1, '댓글 남깁니다. 좋은 하루 되세요!', NULL, '2025-08-06 10:12:00');

-- reply_id = 13번 댓글에 대한 대댓글 5개
INSERT INTO free_reply (reply_id, free_id, member_id, content, parent_id, created_at) VALUES
(14, 30, 2, '저도 관심 있어요! 줄 서봅니다.', 13, '2025-08-06 10:13:00'),
(15, 30, 1, '좋은 나눔 응원합니다!', 13, '2025-08-06 10:14:00'),
(16, 30, 2, '이 물건 정말 좋아보이네요!', 13, '2025-08-06 10:15:00'),
(17, 30, 1, '신청자가 많네요 ㅎㅎ', 13, '2025-08-06 10:16:00'),
(18, 30, 2, '잘 쓰실 분에게 갔으면 좋겠어요!', 13, '2025-08-06 10:17:00');
